StudentAbsenceDays,performance_score
Above-7,1.4136125654450262
Under-7,2.4394463667820068
