gender,performance_score
F,2.2914285714285714
M,1.881967213114754
