StageID,performance_score
HighSchool,2.090909090909091
MiddleSchool,2.088709677419355
lowerlevel,1.949748743718593
